<file>

    <size>20</size>

    <intersections>

        <intersection name="1">
            <x>5</x>
            <y>3</y>
        </intersection>
        <intersection name="2">
            <x>13</x>
            <y>3</y>
        </intersection>
        <intersection name="3">
            <x>5</x>
            <y>11</y>
        </intersection>
        <intersection name="4">
            <x>13</x>
            <y>11</y>
        </intersection>
    </intersections>
    
    <roads>
        
        <road name="1">
            <x1>0</x1>
            <y1>2</y1>
            <x2>4</x2>
            <y2>2</y2>
            <intersection1>null</intersection1>
            <intersection2>I1</intersection2>
            <direction>left</direction>
        </road>

        <road name="2">
            <x1>0</x1>
            <y1>3</y1>
            <x2>4</x2>
            <y2>3</y2>
            <intersection1>null</intersection1>
            <intersection2>I1</intersection2>
            <direction>right</direction>
        </road>

        <road name="3">
            <x1>6</x1>
            <y1>2</y1>
            <x2>12</x2>
            <y2>2</y2>
            <intersection1>I1</intersection1>
            <intersection2>I2</intersection2>
            <direction>left</direction>
        </road>

        <road name="4">
            <x1>6</x1>
            <y1>3</y1>
            <x2>12</x2>
            <y2>3</y2>
            <intersection1>I1</intersection1>
            <intersection2>I2</intersection2>
            <direction>right</direction>
        </road>

        <road name="5">
            <x1>14</x1>
            <y1>2</y1>
            <x2>20</x2>
            <y2>2</y2>
            <intersection1>I2</intersection1>
            <intersection2>null</intersection2>
            <direction>left</direction>
        </road>

        <road name="6">
            <x1>14</x1>
            <y1>3</y1>
            <x2>20</x2>
            <y2>3</y2>
            <intersection1>I2</intersection1>
            <intersection2>null</intersection2>
            <direction>right</direction>
        </road>

        <road name="7">
            <x1>4</x1>
            <y1>0</y1>
            <x2>4</x2>
            <y2>2</y2>
            <intersection1>null</intersection1>
            <intersection2>I1</intersection2>
            <direction>down</direction>
        </road>

        <road name="8">
            <x1>5</x1>
            <y1>0</y1>
            <x2>5</x2>
            <y2>2</y2>
            <intersection1>null</intersection1>
            <intersection2>I1</intersection2>
            <direction>up</direction>
        </road>

        <road name="9">
            <x1>4</x1>
            <y1>4</y1>
            <x2>4</x2>
            <y2>10</y2>
            <intersection1>I1</intersection1>
            <intersection2>I3</intersection2>
            <direction>down</direction>
        </road>

        <road name="10">
            <x1>5</x1>
            <y1>4</y1>
            <x2>5</x2>
            <y2>10</y2>
            <intersection1>I1</intersection1>
            <intersection2>I3</intersection2>
            <direction>up</direction>
        </road>

        <road name="11">
            <x1>12</x1>
            <y1>0</y1>
            <x2>12</x2>
            <y2>2</y2>
            <intersection1>null</intersection1>
            <intersection2>I2</intersection2>
            <direction>down</direction>
        </road>

        <road name="12">
            <x1>13</x1>
            <y1>0</y1>
            <x2>13</x2>
            <y2>2</y2>
            <intersection1>null</intersection1>
            <intersection2>I2</intersection2>
            <direction>up</direction>
        </road>

        <road name="13">
            <x1>12</x1>
            <y1>4</y1>
            <x2>12</x2>
            <y2>10</y2>
            <intersection1>I2</intersection1>
            <intersection2>I4</intersection2>
            <direction>down</direction>
        </road>

        <road name="14">
            <x1>13</x1>
            <y1>4</y1>
            <x2>13</x2>
            <y2>10</y2>
            <intersection1>I2</intersection1>
            <intersection2>I4</intersection2>
            <direction>up</direction>
        </road>

        <road name="15">
            <x1>0</x1>
            <y1>10</y1>
            <x2>4</x2>
            <y2>10</y2>
            <intersection1>null</intersection1>
            <intersection2>I3</intersection2>
            <direction>left</direction>
        </road>

        <road name="16">
            <x1>0</x1>
            <y1>11</y1>
            <x2>4</x2>
            <y2>11</y2>
            <intersection1>null</intersection1>
            <intersection2>I3</intersection2>
            <direction>right</direction>
        </road>
        <road name="17">
            <x1>6</x1>
            <y1>10</y1>
            <x2>12</x2>
            <y2>10</y2>
            <intersection1>I3</intersection1>
            <intersection2>I4</intersection2>
            <direction>left</direction>
        </road>

        <road name="18">
            <x1>6</x1>
            <y1>11</y1>
            <x2>12</x2>
            <y2>11</y2>
            <intersection1>I3</intersection1>
            <intersection2>I4</intersection2>
            <direction>right</direction>
        </road> 

        <road name="19">
            <x1>14</x1>
            <y1>10</y1>
            <x2>20</x2>
            <y2>10</y2>
            <intersection1>I4</intersection1>
            <intersection2>null</intersection2>
            <direction>left</direction>
        </road>

        <road name="20">
            <x1>14</x1>
            <y1>11</y1>
            <x2>20</x2>
            <y2>11</y2>
            <intersection1>I4</intersection1>
            <intersection2>null</intersection2>
            <direction>right</direction>
        </road>

        <road name="21">
            <x1>4</x1>
            <y1>12</y1>
            <x2>4</x2>
            <y2>20</y2>
            <intersection1>I3</intersection1>
            <intersection2>null</intersection2>
            <direction>down</direction>
        </road>

        <road name="22">
            <x1>5</x1>
            <y1>12</y1>
            <x2>5</x2>
            <y2>20</y2>
            <intersection1>I3</intersection1>
            <intersection2>null</intersection2>
            <direction>up</direction>
        </road>

        <road name="23">
            <x1>12</x1>
            <y1>12</y1>
            <x2>12</x2>
            <y2>20</y2>
            <intersection1>I4</intersection1>
            <intersection2>null</intersection2>
            <direction>down</direction>
        </road>

        <road name="24">
            <x1>13</x1>
            <y1>12</y1>
            <x2>13</x2>
            <y2>20</y2>
            <intersection1>I4</intersection1>
            <intersection2>null</intersection2>
            <direction>up</direction>
        </road>

    </roads>

    <paths>
        
        <path name="1">
            <name>24</name>
            <name>14</name>
            <name>12</name>

        </path>
        
    </paths>



</file>
