<file>

    <size>10</size>

    <intersections>

        <intersection name="1">
            <x>3</x>
            <y>3</y>
        </intersection>
        <intersection name="2">
            <x>7</x>
            <y>3</y>
        </intersection>
    </intersections>
    
    <roads>
        
        <road name="1">
            <x1>0</x1>
            <y1>2</y1>
            <x2>2</x2>
            <y2>2</y2>
            <intersection1>null</intersection1>
            <intersection2>I1</intersection2>
            <direction>left</direction>
        </road>

        <road name="2">
            <x1>0</x1>
            <y1>3</y1>
            <x2>2</x2>
            <y2>3</y2>
            <intersection1>null</intersection1>
            <intersection2>I1</intersection2>
            <direction>right</direction>
        </road>

        <road name="3">
            <x1>4</x1>
            <y1>2</y1>
            <x2>6</x2>
            <y2>2</y2>
            <intersection1>I1</intersection1>
            <intersection2>I2</intersection2>
            <direction>left</direction>
        </road>

        <road name="4">
            <x1>4</x1>
            <y1>3</y1>
            <x2>6</x2>
            <y2>3</y2>
            <intersection1>I1</intersection1>
            <intersection2>I2</intersection2>
            <direction>right</direction>
        </road>

        <road name="5">
            <x1>8</x1>
            <y1>2</y1>
            <x2>10</x2>
            <y2>2</y2>
            <intersection1>I2</intersection1>
            <intersection2>null</intersection2>
            <direction>left</direction>
        </road>

        <road name="6">
            <x1>8</x1>
            <y1>3</y1>
            <x2>10</x2>
            <y2>3</y2>
            <intersection1>I2</intersection1>
            <intersection2>null</intersection2>
            <direction>right</direction>
        </road>

        <road name="7">
            <x1>2</x1>
            <y1>0</y1>
            <x2>2</x2>
            <y2>2</y2>
            <intersection1>null</intersection1>
            <intersection2>I1</intersection2>
            <direction>down</direction>
        </road>

        <road name="8">
            <x1>3</x1>
            <y1>0</y1>
            <x2>3</x2>
            <y2>2</y2>
            <intersection1>null</intersection1>
            <intersection2>I1</intersection2>
            <direction>up</direction>
        </road>

        <road name="9">
            <x1>2</x1>
            <y1>4</y1>
            <x2>2</x2>
            <y2>10</y2>
            <intersection1>I1</intersection1>
            <intersection2>null</intersection2>
            <direction>down</direction>
        </road>

        <road name="10">
            <x1>3</x1>
            <y1>4</y1>
            <x2>3</x2>
            <y2>10</y2>
            <intersection1>I1</intersection1>
            <intersection2>null</intersection2>
            <direction>up</direction>
        </road>

        <road name="11">
            <x1>6</x1>
            <y1>0</y1>
            <x2>6</x2>
            <y2>2</y2>
            <intersection1>null</intersection1>
            <intersection2>I2</intersection2>
            <direction>down</direction>
        </road>

        <road name="12">
            <x1>7</x1>
            <y1>0</y1>
            <x2>7</x2>
            <y2>2</y2>
            <intersection1>null</intersection1>
            <intersection2>I2</intersection2>
            <direction>up</direction>
        </road>

        <road name="13">
            <x1>6</x1>
            <y1>4</y1>
            <x2>6</x2>
            <y2>10</y2>
            <intersection1>I2</intersection1>
            <intersection2>null</intersection2>
            <direction>down</direction>
        </road>

        <road name="14">
            <x1>7</x1>
            <y1>4</y1>
            <x2>7</x2>
            <y2>10</y2>
            <intersection1>I2</intersection1>
            <intersection2>null</intersection2>
            <direction>up</direction>
        </road>

    </roads>

    <paths>
        
        <path name="1">
            <name>5</name>
            <name>3</name>
            <name>1</name>
        </path>

        <path name="2">
            <name>2</name>
            <name>4</name>
            <name>12</name>
        </path>

        <path name="3">
            <name>7</name>
            <name>4</name>
            <name>13</name>
        </path>

        <path name="4">
            <name>2</name>
            <name>4</name>
            <name>6</name>
        </path>
        <path name="5">
            <name>11</name>
            <name>3</name>
            <name>9</name>
        </path>


    </paths>

</file>
